Epoch,Loss,Accuracy
1,1.324254399875639,71.38159852407308
2,1.0198724313981757,71.85919181098613
3,1.0089809885909022,71.8324108790097
4,1.0009721302379035,71.83687436767244
5,0.994803933970194,71.85324049276915
6,0.9784297780840808,71.85621615187765
7,0.9748358894024276,71.86067964054038
8,0.971964679009457,71.8547283223234
9,0.9682780922395396,71.86514312920312
10,0.9646120325319544,71.8710944474201
