Epoch,Loss,Accuracy
1,1.2521580776704146,71.24620603463667
2,1.04913294655774,71.8710944474201
3,1.0424449121679709,71.8710944474201
4,1.040600402504986,71.8710944474201
5,1.0401077212066323,71.8710944474201
6,1.037623912464829,71.8710944474201
7,1.0377094075261042,71.8710944474201
8,1.0373783996989192,71.8710944474201
9,1.037251240579586,71.8710944474201
10,1.0376966009248954,71.8710944474201
