Epoch,Loss,Accuracy
1,1.4043369994085213,71.3979646491698
2,1.019205501027359,71.86216747009463
3,1.0053168542608655,71.8517526632149
4,0.9967232169933627,71.85324049276915
5,0.9914238810794572,71.86067964054038
6,0.9758680938028937,71.87258227697436
7,0.9738811099319331,71.85919181098613
8,0.9713101442486601,71.86365529964887
9,0.9700264468016028,71.86663095875737
10,0.9688193570824251,71.86960661786586
